<?xml version="1.0" encoding="UTF-8"?>
<data>
	
	<spriteAtlas id="spriteAtlas" imageID="spriteTextureAtlasPNG" transparent="true" backgroundColor="FF00FF">
	    <SubTexture name="bg_hills" x="2" y="966" width="1280" height="480"/>
	    <SubTexture name="bg_sky" x="2" y="484" width="1280" height="480"/>
	    <SubTexture name="bg_trees" x="2" y="2" width="1280" height="480"/>
	    <SubTexture name="sprite_billboard01" x="1646" y="730" width="300" height="170"/>
	    <SubTexture name="sprite_billboard02" x="1823" y="286" width="215" height="220"/>
	    <SubTexture name="sprite_billboard03" x="1646" y="508" width="230" height="220"/>
	    <SubTexture name="sprite_billboard04" x="1770" y="1220" width="268" height="170"/>
	    <SubTexture name="sprite_billboard05" x="602" y="1448" width="298" height="190"/>
	    <SubTexture name="sprite_billboard06" x="302" y="1448" width="298" height="190"/>
	    <SubTexture name="sprite_billboard07" x="2" y="1448" width="298" height="190"/>
	    <SubTexture name="sprite_billboard08" x="1421" y="906" width="385" height="265"/>
	    <SubTexture name="sprite_billboard09" x="1501" y="2" width="328" height="282"/>
	    <SubTexture name="sprite_boulder1" x="1831" y="2" width="168" height="248"/>
	    <SubTexture name="sprite_boulder2" x="902" y="1537" width="298" height="140"/>
	    <SubTexture name="sprite_boulder3" x="1501" y="286" width="320" height="220"/>
	    <SubTexture name="sprite_bush1" x="1770" y="1392" width="240" height="155"/>
	    <SubTexture name="sprite_bush2" x="1202" y="1537" width="232" height="152"/>
	    <SubTexture name="sprite_cactus" x="1436" y="1549" width="235" height="118"/>
	    <SubTexture name="sprite_car01" x="1585" y="1173" width="80" height="56"/>
	    <SubTexture name="sprite_car02" x="1421" y="1173" width="80" height="59"/>
	    <SubTexture name="sprite_car03" x="1878" y="654" width="88" height="55"/>
	    <SubTexture name="sprite_car04" x="1503" y="1173" width="80" height="57"/>
	    <SubTexture name="sprite_column" x="1568" y="1232" width="200" height="315"/>
	    <SubTexture name="sprite_dead_tree1" x="1284" y="906" width="135" height="332"/>
	    <SubTexture name="sprite_dead_tree2" x="1808" y="902" width="150" height="260"/>
	    <SubTexture name="sprite_palm_tree" x="1284" y="2" width="215" height="540"/>
	    <SubTexture name="sprite_player_left" x="1948" y="844" width="80" height="41"/>
	    <SubTexture name="sprite_player_right" x="1948" y="801" width="80" height="41"/>
	    <SubTexture name="sprite_player_straight" x="1948" y="758" width="80" height="41"/>
	    <SubTexture name="sprite_player_uphill_left" x="1948" y="711" width="80" height="45"/>
	    <SubTexture name="sprite_player_uphill_right" x="1749" y="1173" width="80" height="45"/>
	    <SubTexture name="sprite_player_uphill_straight" x="1667" y="1173" width="80" height="45"/>
	    <SubTexture name="sprite_semi" x="1878" y="508" width="122" height="144"/>
	    <SubTexture name="sprite_stump" x="1673" y="1549" width="195" height="140"/>
	    <SubTexture name="sprite_tree1" x="1284" y="544" width="360" height="360"/>
	    <SubTexture name="sprite_tree2" x="1284" y="1240" width="282" height="295"/>
	    <SubTexture name="sprite_truck" x="902" y="1448" width="100" height="78"/>
	</spriteAtlas>

</data>
