<?xml version="1.0" encoding="UTF-8"?>
<!-- Created with TexturePacker http://texturepacker.com-->
<!-- $TexturePacker:SmartUpdate:7eece054690375c4c50e85a8182924c8$ -->
<TextureAtlas imagePath="sprites.png">
    <SubTexture name="bg_hills" x="173" y="295" width="640" height="126" frameX="0" frameY="-114" frameWidth="640" frameHeight="240"/>
    <SubTexture name="bg_sky" x="148" y="423" width="640" height="240"/>
    <SubTexture name="bg_trees" x="194" y="213" width="640" height="80" frameX="0" frameY="-160" frameWidth="640" frameHeight="240"/>
    <SubTexture name="spr_billboard_1" x="656" y="49" width="120" height="68"/>
    <SubTexture name="spr_billboard_2" x="365" y="107" width="86" height="88"/>
    <SubTexture name="spr_billboard_3" x="816" y="123" width="92" height="88"/>
    <SubTexture name="spr_billboard_4" x="778" y="49" width="107" height="68"/>
    <SubTexture name="spr_billboard_5" x="244" y="106" width="119" height="76"/>
    <SubTexture name="spr_billboard_6" x="123" y="97" width="119" height="76"/>
    <SubTexture name="spr_billboard_7" x="2" y="92" width="119" height="76"/>
    <SubTexture name="spr_billboard_8" x="695" y="119" width="119" height="86"/>
    <SubTexture name="spr_billboard_9" x="574" y="119" width="119" height="86"/>
    <SubTexture name="spr_bldg_boathouse" x="453" y="113" width="119" height="86"/>
    <SubTexture name="spr_bldg_column" x="815" y="339" width="80" height="126"/>
    <SubTexture name="spr_bldg_tower" x="836" y="213" width="54" height="124"/>
    <SubTexture name="spr_bldg_windmill" x="892" y="224" width="88" height="113"/>
    <SubTexture name="spr_car_1" x="458" y="2" width="64" height="45"/>
    <SubTexture name="spr_car_1_lean" x="392" y="2" width="64" height="45"/>
    <SubTexture name="spr_car_2" x="587" y="2" width="61" height="45"/>
    <SubTexture name="spr_car_2_lean" x="524" y="2" width="61" height="45"/>
    <SubTexture name="spr_car_3" x="320" y="2" width="70" height="44"/>
    <SubTexture name="spr_car_3_lean" x="248" y="2" width="70" height="44"/>
    <SubTexture name="spr_car_4" x="715" y="2" width="63" height="45"/>
    <SubTexture name="spr_car_4_lean" x="650" y="2" width="63" height="45"/>
    <SubTexture name="spr_car_5" x="840" y="2" width="58" height="45"/>
    <SubTexture name="spr_car_5_lean" x="780" y="2" width="58" height="45"/>
    <SubTexture name="spr_car_6" x="950" y="49" width="61" height="72"/>
    <SubTexture name="spr_car_6_lean" x="887" y="49" width="61" height="72"/>
    <SubTexture name="spr_player" x="166" y="2" width="80" height="41"/>
    <SubTexture name="spr_player_left" x="84" y="2" width="80" height="41"/>
    <SubTexture name="spr_player_right" x="2" y="2" width="80" height="41"/>
    <SubTexture name="spr_player_uphill" x="84" y="45" width="80" height="45"/>
    <SubTexture name="spr_player_uphill_left" x="2" y="45" width="80" height="45"/>
    <SubTexture name="spr_player_uphill_right" x="900" y="2" width="80" height="45"/>
    <SubTexture name="spr_veg_boulder_1" x="910" y="123" width="67" height="99"/>
    <SubTexture name="spr_veg_boulder_2" x="262" y="48" width="119" height="56"/>
    <SubTexture name="spr_veg_boulder_3" x="2" y="175" width="128" height="88"/>
    <SubTexture name="spr_veg_bush_1" x="558" y="49" width="96" height="62"/>
    <SubTexture name="spr_veg_bush_2" x="463" y="49" width="93" height="61"/>
    <SubTexture name="spr_veg_cactus" x="166" y="48" width="94" height="47"/>
    <SubTexture name="spr_veg_deadtree_1" x="117" y="281" width="54" height="133"/>
    <SubTexture name="spr_veg_deadtree_2" x="132" y="175" width="60" height="104"/>
    <SubTexture name="spr_veg_palmtree" x="897" y="339" width="86" height="216"/>
    <SubTexture name="spr_veg_stump" x="383" y="49" width="78" height="56"/>
    <SubTexture name="spr_veg_tree_1" x="2" y="416" width="144" height="144"/>
    <SubTexture name="spr_veg_tree_2" x="2" y="265" width="113" height="118"/>
</TextureAtlas>
