<?xml version="1.0" encoding="UTF-8"?>
<tns:projectType xmlns:tns="http://fdt.powerflasher.com/ProjectType"
	xmlns:xsi="http://www.w3.org/2001/XMLSchema-instance"
	xsi:schemaLocation="http://fdt.powerflasher.com/ProjectType projectType.xsd ">
	<name>Tetragon</name>
	<version>2.5</version>
	<description>This project type defines a default Tetragon Engine project structure.</description>
	<compatibleSdks>
		<sdk min="4.6.0"/>
	</compatibleSdks>
	<swcs>
		<swc>
			<path>frameworks/libs/air/airglobal.swc</path>
		</swc>
		<swc>
			<path>frameworks/libs/core.swc</path>
		</swc>
		<swc>
			<path>frameworks/libs/air/aircore.swc</path>
		</swc>
		<swc>
			<path>frameworks/libs/air/servicemonitor.swc</path>
		</swc>
	</swcs>
	<runtime>AIR</runtime>
	<compatiblePlayers>
		<player default="true">AIR Debug Launcher</player>
	</compatiblePlayers>
	<compilerArguments passClasspath="true" passMainclass="true" passSwcs="true" passRsls="false"/>
</tns:projectType>
