<?xml version="1.0" encoding="UTF-8"?>
<tns:projectTemplate xmlns:tns="http://fdt.powerflasher.com/ProjectTemplate"
	xmlns:xsi="http://www.w3.org/2001/XMLSchema-instance"
	xsi:schemaLocation="http://fdt.powerflasher.com/ProjectTemplate ../../projectTemplate.xsd">
	<name>Tetragon Project</name>
	<version>2.5</version>
	<description>This template will create the project '${projectName}' that contains a default project structure for Tetragon.</description>
	<projectType>Tetragon</projectType>
	<expressions>
		<expression name="sourceFolder" value="src/code" />
		<expression name="outputFolder" value="bin" />
	</expressions>
	<folders>
		<outputFolder>bin</outputFolder>
		<sourceFolder>src/code</sourceFolder>
		<sourceFolder>src/libs/source</sourceFolder>
		<autoLibFolder>src/libs/swc</autoLibFolder>
	</folders>
	<contentCreation processFileExtensions="as,xml">
		<folder src="art" dest="art" recursive="true" />
		<folder src="bld" dest="bld" recursive="true" />
		<folder src="doc" dest="doc" recursive="true" />
		<folder src="pub" dest="pub" recursive="true" />
	</contentCreation>
</tns:projectTemplate>
