<exporter version="1.0">
    <!-- identifier of the exporter -->
    <name>tetragon</name>

    <!-- display name of the exporter for the combo box -->
    <displayName>Tetragon</displayName>
	
    <!-- description of the exporter -->
    <description>Exporter for Tetragon texture atlases.</description>

    <!-- exporter version -->
    <version>1.0</version>
	
    <!-- currently only one file allowed - more to come with update -->
    <files>
        <file>
            <!-- name of this file variable -->
            <name>xml</name>

            <!-- human readable name (for GUI) -->
            <displayName>XML</displayName>

            <!-- file extension for the file -->
            <fileExtension>xml</fileExtension>

            <!-- name of the template file -->
            <template>tetragon.xml</template>
        </file>
    </files>

    <!-- target framework supports trimming -->
    <supportsTrimming>true</supportsTrimming>

    <!-- target framework supports rotated sprites -->
    <supportsRotation>false</supportsRotation>

    <!-- rotated sprites direction (cw/ccw) -->
    <rotationDirection>cw</rotationDirection>

    <!-- supports npot sizes -->
    <supportsNPOT>true</supportsNPOT>

    <!-- supports file name stripping (remove .png etc) -->
    <supportsTrimSpriteNames>yes</supportsTrimSpriteNames>

    <!-- supports texure subpath -->
    <supportsTextureSubPath>yes</supportsTextureSubPath>

</exporter>
